clt,nyg,htx,min,nyj,det,phi,gnb,sdg,oti,dal,ram,mia,car,crd,sea,cle,chi,tam,pit,rav,den,jax,kan,cin,nwe,was,atl,sfo,rai,nor,buf
clt,nyg,htx,min,nyj,det,phi,gnb,sdg,oti,dal,ram,mia,car,crd,sea,cle,chi,tam,pit,rav,den,jax,kan,cin,nwe,was,atl,sfo,rai,nor,buf
"['1.0', '2.0', '3.0', '4.0', '5.0', '6.0', '7.0', '8.0', '9.0', '10.0']","['1.0', '2.0', '3.0', '4.0', '5.0', '6.0', '7.0', '8.0', '9.0', '10.0']","['1.0', '2.0', '3.0', '4.0', '5.0', '6.0', -1, '8.0', '9.0', '10.0']","['1.0', '2.0', '3.0', '4.0', '5.0', '6.0', '7.0', '8.0', '9.0', '10.0']","['1.0', '2.0', '3.0', '4.0', '5.0', '6.0', -1, '8.0', '9.0', '10.0']","['1.0', '2.0', '3.0', '4.0', '5.0', '6.0', '7.0', '8.0', -1, '10.0']","['1.0', '2.0', '3.0', '4.0', '5.0', '6.0', '7.0', '8.0', '9.0', -1]","['1.0', '2.0', '3.0', '4.0', '5.0', -1, '7.0', '8.0', '9.0', '10.0']","['1.0', '2.0', '3.0', '4.0', -1, '6.0', '7.0', '8.0', '9.0', '10.0']","['1.0', '2.0', '3.0', '4.0', '5.0', '6.0', -1, '8.0', '9.0', '10.0']","['1.0', '2.0', '3.0', '4.0', '5.0', '6.0', -1, '8.0', '9.0', '10.0']","['1.0', '2.0', '3.0', '4.0', '5.0', '6.0', '7.0', '8.0', '9.0', -1]","['1.0', '2.0', '3.0', '4.0', '5.0', '6.0', '7.0', '8.0', '9.0', -1]","['1.0', '2.0', '3.0', '4.0', '5.0', '6.0', -1, '8.0', '9.0', '10.0']","['1.0', '2.0', '3.0', '4.0', '5.0', '6.0', '7.0', '8.0', '9.0', '10.0']","['1.0', '2.0', '3.0', '4.0', -1, '6.0', '7.0', '8.0', '9.0', '10.0']","['1.0', '2.0', '3.0', '4.0', -1, '6.0', '7.0', '8.0', '9.0', '10.0']","['1.0', '2.0', '3.0', '4.0', '5.0', '6.0', '7.0', '8.0', '9.0', '10.0']","['1.0', '2.0', '3.0', '4.0', -1, '6.0', '7.0', '8.0', '9.0', '10.0']","['1.0', '2.0', '3.0', '4.0', '5.0', -1, '7.0', '8.0', '9.0', '10.0']","['1.0', '2.0', '3.0', '4.0', '5.0', '6.0', '7.0', '8.0', '9.0', '10.0']","['1.0', '2.0', '3.0', '4.0', '5.0', '6.0', '7.0', '8.0', -1, '10.0']","['1.0', '2.0', '3.0', '4.0', '5.0', '6.0', '7.0', '8.0', -1, '10.0']","['1.0', '2.0', '3.0', '4.0', '5.0', '6.0', '7.0', '8.0', '9.0', -1]","['1.0', '2.0', '3.0', '4.0', '5.0', '6.0', -1, '8.0', '9.0', '10.0']","['1.0', '2.0', '3.0', '4.0', '5.0', '6.0', '7.0', '8.0', '9.0', '10.0']","['1.0', '2.0', '3.0', '4.0', '5.0', '6.0', '7.0', '8.0', '9.0', '10.0']","['1.0', '2.0', '3.0', '4.0', '5.0', '6.0', '7.0', '8.0', '9.0', '10.0']","['1.0', '2.0', '3.0', '4.0', '5.0', '6.0', '7.0', '8.0', -1, '10.0']","['1.0', '2.0', '3.0', '4.0', '5.0', '6.0', '7.0', '8.0', '9.0', '10.0']","['1.0', '2.0', '3.0', '4.0', '5.0', '6.0', '7.0', '8.0', '9.0', '10.0']","['1.0', '2.0', '3.0', '4.0', '5.0', '6.0', '7.0', '8.0', '9.0', '10.0']"
"['jax', 'htx', 'rav', 'ram', 'oti', 'jax', 'cle', 'nor', 'car', 'nwe']","['dal', 'crd', 'sfo', 'sea', 'mia', 'buf', 'was', 'nyj', 'rai', 'dal']","['rav', 'clt', 'jax', 'pit', 'atl', 'nor', 'car', 'tam', 'cin']","['tam', 'phi', 'sdg', 'car', 'kan', 'chi', 'sfo', 'gnb', 'atl', 'nor']","['buf', 'dal', 'nwe', 'kan', 'den', 'phi', 'nyg', 'sdg', 'rai']","['kan', 'sea', 'atl', 'gnb', 'car', 'tam', 'rav', 'rai', 'sdg']","['nwe', 'min', 'tam', 'was', 'ram', 'nyj', 'mia', 'was', 'dal']","['chi', 'atl', 'nor', 'det', 'rai', 'den', 'min', 'ram', 'pit']","['mia', 'oti', 'min', 'rai', 'dal', 'kan', 'chi', 'nyj', 'det']","['nor', 'sdg', 'cle', 'cin', 'clt', 'rav', 'atl', 'pit', 'tam']","['nyg', 'nyj', 'crd', 'nwe', 'sfo', 'sdg', 'ram', 'phi', 'nyg']","['sea', 'sfo', 'cin', 'clt', 'phi', 'crd', 'pit', 'dal', 'gnb']","['sdg', 'nwe', 'den', 'buf', 'nyg', 'car', 'phi', 'nwe', 'kan']","['atl', 'nor', 'sea', 'min', 'det', 'mia', 'htx', 'clt', 'chi']","['was', 'nyg', 'dal', 'sfo', 'cin', 'ram', 'sea', 'rav', 'cle', 'atl']","['ram', 'det', 'car', 'nyg', 'cin', 'crd', 'cle', 'rav', 'was']","['cin', 'pit', 'oti', 'rav', 'sfo', 'clt', 'sea', 'crd', 'rav']","['gnb', 'tam', 'kan', 'den', 'was', 'min', 'rai', 'sdg', 'nor', 'car']","['min', 'chi', 'phi', 'nor', 'det', 'atl', 'buf', 'htx', 'oti']","['sfo', 'cle', 'rai', 'htx', 'rav', 'ram', 'jax', 'oti', 'gnb']","['htx', 'cin', 'clt', 'cle', 'pit', 'oti', 'det', 'crd', 'sea', 'cle']","['rai', 'was', 'mia', 'chi', 'nyj', 'kan', 'gnb', 'kan', 'buf']","['clt', 'kan', 'htx', 'atl', 'buf', 'clt', 'nor', 'pit', 'sfo']","['det', 'jax', 'chi', 'nyj', 'min', 'den', 'sdg', 'den', 'mia']","['cle', 'rav', 'ram', 'oti', 'crd', 'sea', 'sfo', 'buf', 'htx']","['phi', 'mia', 'nyj', 'dal', 'nor', 'rai', 'buf', 'mia', 'was', 'clt']","['crd', 'den', 'buf', 'phi', 'chi', 'atl', 'nyg', 'phi', 'nwe', 'sea']","['car', 'gnb', 'det', 'jax', 'htx', 'was', 'tam', 'oti', 'min', 'crd']","['pit', 'ram', 'nyg', 'crd', 'dal', 'cle', 'min', 'cin', 'jax']","['den', 'buf', 'pit', 'sdg', 'gnb', 'nwe', 'chi', 'det', 'nyg', 'nyj']","['oti', 'car', 'gnb', 'tam', 'nwe', 'htx', 'jax', 'clt', 'chi', 'min']","['nyj', 'rai', 'was', 'mia', 'jax', 'nyg', 'nwe', 'tam', 'cin', 'den']"
"['L', 'W', 'W', 'L', 'W', 'L', 'L', 'L', 'W', 'W']","['L', 'W', 'L', 'L', 'L', 'L', 'W', 'L', 'L', 'L']","['L', 'L', 'W', 'W', 'L', 'W', 'L', 'W', 'W']","['L', 'L', 'L', 'W', 'L', 'W', 'W', 'W', 'W', 'W']","['W', 'L', 'L', 'L', 'W', 'W', 'W', 'L', 'L']","['W', 'L', 'W', 'W', 'W', 'W', 'L', 'W', 'W']","['W', 'W', 'W', 'W', 'W', 'L', 'W', 'W', 'W']","['W', 'L', 'W', 'L', 'L', 'L', 'L', 'W', 'L']","['L', 'L', 'W', 'W', 'L', 'L', 'W', 'W', 'L']","['L', 'W', 'L', 'W', 'L', 'L', 'W', 'L', 'L']","['W', 'W', 'L', 'W', 'L', 'W', 'W', 'L', 'W']","['W', 'L', 'L', 'W', 'L', 'W', 'L', 'L', 'L']","['W', 'W', 'W', 'L', 'W', 'W', 'L', 'W', 'L']","['L', 'L', 'L', 'L', 'L', 'L', 'W', 'L', 'L']","['L', 'L', 'W', 'L', 'L', 'L', 'L', 'L', 'L', 'W']","['L', 'W', 'W', 'W', 'L', 'W', 'W', 'L', 'W']","['W', 'L', 'W', 'L', 'W', 'W', 'L', 'W', 'W']","['L', 'L', 'L', 'L', 'W', 'L', 'W', 'L', 'L', 'W']","['W', 'W', 'L', 'W', 'L', 'L', 'L', 'L', 'W']","['L', 'W', 'W', 'L', 'W', 'W', 'L', 'W', 'W']","['W', 'W', 'L', 'W', 'L', 'W', 'W', 'W', 'W', 'L']","['L', 'L', 'L', 'W', 'L', 'L', 'W', 'W', 'W']","['W', 'L', 'L', 'W', 'W', 'W', 'W', 'W', 'L']","['L', 'W', 'W', 'W', 'W', 'W', 'W', 'L', 'W']","['L', 'L', 'W', 'L', 'W', 'W', 'W', 'W', 'L']","['L', 'L', 'W', 'L', 'L', 'L', 'W', 'L', 'L', 'L']","['W', 'W', 'L', 'L', 'L', 'W', 'L', 'L', 'W', 'L']","['W', 'W', 'L', 'L', 'W', 'L', 'W', 'L', 'L', 'L']","['W', 'W', 'W', 'W', 'W', 'L', 'L', 'L', 'W']","['W', 'L', 'L', 'L', 'W', 'W', 'L', 'L', 'W', 'W']","['W', 'W', 'L', 'L', 'W', 'L', 'L', 'W', 'W', 'L']","['L', 'W', 'W', 'W', 'L', 'W', 'L', 'W', 'L', 'L']"
"[21, 31, 22, 23, 23, 20, 38, 27, 27, 10]","[0, 31, 12, 3, 16, 9, 14, 10, 6, 17]","[9, 20, 37, 30, 19, 20, 13, 39, 30]","[17, 28, 24, 21, 20, 19, 22, 24, 31, 27]","[22, 10, 10, 20, 31, 20, 13, 6, 12]","[21, 31, 20, 34, 42, 20, 6, 26, 41]","[25, 34, 25, 34, 23, 14, 31, 38, 28]","[38, 24, 18, 20, 13, 17, 10, 20, 19]","[34, 24, 28, 24, 17, 17, 30, 27, 38]","[15, 27, 3, 27, 16, 16, 28, 16, 6]","[40, 30, 16, 38, 10, 20, 43, 23, 49]","[30, 23, 16, 29, 14, 26, 17, 20, 3]","[36, 24, 70, 20, 31, 42, 17, 31, 14]","[10, 17, 27, 13, 24, 21, 15, 13, 13]","[16, 28, 28, 16, 20, 9, 10, 24, 0, 25]","[13, 37, 37, 24, 13, 20, 24, 3, 29]","[24, 22, 27, 3, 19, 39, 20, 27, 33]","[20, 17, 10, 28, 40, 13, 30, 13, 17, 16]","[20, 27, 11, 26, 6, 13, 18, 37, 20]","[7, 26, 23, 6, 17, 24, 10, 20, 23]","[25, 27, 19, 28, 10, 24, 38, 31, 37, 31]","[16, 33, 20, 31, 21, 8, 19, 24, 24]","[31, 9, 17, 23, 25, 37, 31, 20, 3]","[20, 17, 41, 23, 27, 19, 31, 9, 21]","[3, 24, 19, 3, 34, 17, 31, 24, 27]","[20, 17, 15, 3, 0, 17, 29, 17, 17, 6]","[20, 35, 3, 31, 20, 24, 7, 31, 20, 26]","[24, 25, 6, 7, 21, 16, 16, 23, 28, 23]","[30, 30, 30, 35, 42, 17, 17, 17, 34]","[17, 10, 18, 17, 17, 21, 12, 14, 30, 16]","[16, 20, 17, 9, 34, 13, 24, 38, 24, 19]","[16, 38, 37, 48, 20, 14, 25, 24, 18, 22]"
"[31, 20, 19, 29, 16, 37, 39, 38, 13, 6]","[40, 28, 30, 24, 31, 14, 7, 13, 30, 49]","[25, 31, 17, 6, 21, 13, 15, 37, 27]","[20, 34, 28, 13, 27, 13, 17, 10, 28, 19]","[16, 30, 15, 23, 21, 14, 10, 27, 16]","[20, 37, 6, 20, 24, 6, 38, 14, 38]","[20, 28, 11, 31, 14, 20, 17, 31, 23]","[20, 25, 17, 34, 17, 19, 24, 3, 23]","[36, 27, 24, 17, 20, 31, 13, 6, 41]","[16, 24, 27, 3, 23, 24, 23, 20, 20]","[0, 10, 28, 3, 42, 17, 20, 28, 17]","[13, 30, 19, 23, 23, 9, 24, 43, 20]","[34, 17, 20, 48, 16, 21, 31, 17, 21]","[24, 20, 37, 21, 42, 42, 13, 27, 16]","[20, 31, 16, 35, 34, 26, 20, 31, 27, 23]","[30, 31, 27, 3, 17, 10, 20, 37, 26]","[3, 26, 3, 28, 17, 38, 24, 0, 31]","[38, 27, 41, 31, 20, 19, 12, 30, 24, 13]","[17, 17, 25, 9, 20, 16, 24, 39, 6]","[30, 22, 18, 30, 10, 17, 20, 16, 19]","[9, 24, 22, 3, 17, 16, 6, 24, 3, 33]","[17, 35, 70, 28, 31, 19, 17, 9, 22]","[21, 17, 37, 7, 20, 20, 24, 10, 34]","[21, 9, 10, 20, 20, 8, 17, 24, 14]","[24, 27, 16, 27, 20, 13, 17, 18, 30]","[25, 24, 10, 38, 34, 21, 25, 31, 20, 10]","[16, 33, 37, 34, 40, 16, 14, 38, 17, 29]","[10, 24, 20, 23, 19, 24, 13, 28, 31, 25]","[7, 23, 12, 16, 10, 19, 22, 31, 3]","[16, 38, 23, 24, 13, 17, 30, 26, 6, 12]","[15, 17, 18, 26, 0, 20, 31, 27, 17, 27]","[22, 10, 3, 20, 25, 9, 29, 18, 24, 24]"
"[18, 19, 19, 19, 21, 18, 20, 19, 17, 14]","[14, 26, 10, 17, 15, 20, 16, 12, 15, 16]","[18, 24, 15, 24, 17, 19, 16, 26, 28]","[18, 19, 29, 14, 24, 12, 24, 24, 23, 23]","[13, 12, 12, 18, 18, 17, 12, 17, 14]","[19, 25, 18, 25, 23, 19, 18, 29, 23]","[17, 24, 27, 23, 28, 24, 26, 21, 20]","[15, 17, 21, 15, 18, 20, 16, 21, 17]","[30, 19, 24, 16, 18, 16, 20, 14, 24]","[16, 22, 6, 23, 19, 17, 17, 23, 14]","[18, 26, 26, 22, 8, 20, 24, 27, 32]","[27, 28, 15, 27, 17, 17, 19, 15, 10]","[30, 22, 30, 20, 22, 23, 12, 24, 20]","[20, 14, 23, 20, 26, 21, 20, 17, 12]","[13, 24, 20, 23, 15, 20, 15, 22, 7, 20]","[13, 28, 27, 13, 24, 18, 17, 6, 27]","[21, 20, 23, 13, 18, 18, 23, 17, 24]","[22, 14, 11, 26, 18, 18, 23, 17, 20, 21]","[16, 19, 12, 21, 13, 21, 17, 21, 19]","[15, 9, 17, 12, 17, 17, 17, 22, 21]","[18, 26, 20, 16, 19, 20, 23, 21, 29, 17]","[22, 21, 16, 17, 18, 14, 18, 19, 19]","[20, 18, 22, 16, 29, 17, 18, 20, 12]","[17, 19, 31, 24, 21, 22, 25, 18, 16]","[6, 19, 19, 14, 27, 15, 29, 23, 20]","[24, 23, 17, 10, 8, 17, 21, 13, 18, 21]","[21, 26, 15, 26, 23, 13, 14, 26, 23, 16]","[13, 27, 16, 17, 26, 25, 20, 17, 18, 20]","[22, 21, 26, 30, 25, 15, 19, 24, 20]","[22, 13, 19, 22, 19, 19, 20, 12, 15, 15]","[15, 23, 15, 16, 17, 24, 25, 24, 18, 16]","[19, 29, 20, 24, 18, 22, 24, 25, 21, 18]"
"[280, 353, 327, 329, 429, 354, 456, 371, 198, 264]","[171, 439, 150, 248, 268, 317, 356, 194, 277, 172]","[268, 389, 366, 451, 313, 297, 229, 496, 544]","[369, 374, 475, 265, 329, 220, 452, 346, 363, 388]","[289, 215, 171, 336, 407, 244, 251, 270, 365]","[368, 418, 358, 401, 377, 380, 337, 486, 533]","[251, 430, 472, 415, 454, 348, 355, 374, 292]","[329, 224, 340, 230, 285, 331, 270, 391, 399]","[433, 342, 475, 305, 272, 358, 352, 191, 421]","[285, 341, 94, 400, 348, 233, 375, 340, 209]","[265, 382, 416, 377, 197, 342, 387, 406, 640]","[426, 386, 292, 467, 249, 382, 354, 280, 187]","[536, 389, 726, 393, 524, 424, 244, 390, 292]","[281, 239, 378, 232, 342, 296, 224, 275, 213]","[210, 379, 400, 362, 294, 345, 249, 310, 58, 352]","[180, 393, 425, 281, 384, 318, 362, 151, 489]","[350, 408, 341, 166, 334, 316, 385, 326, 373]","[311, 236, 203, 471, 451, 275, 323, 295, 368, 295]","[242, 437, 174, 353, 251, 329, 302, 332, 340]","[239, 255, 333, 225, 289, 300, 261, 326, 324]","[265, 415, 364, 296, 335, 360, 503, 268, 515, 306]","[260, 399, 363, 311, 308, 197, 339, 240, 300]","[342, 271, 404, 300, 474, 233, 330, 377, 221]","[316, 399, 456, 401, 333, 389, 483, 274, 267]","[142, 282, 309, 211, 380, 214, 400, 397, 380]","[382, 288, 358, 253, 156, 259, 364, 218, 327, 340]","[248, 388, 230, 365, 388, 193, 273, 472, 432, 356]","[221, 446, 183, 287, 447, 402, 401, 342, 370, 254]","[391, 365, 441, 395, 421, 215, 325, 460, 437]","[261, 240, 362, 264, 279, 348, 235, 157, 334, 274]","[351, 341, 252, 197, 304, 430, 407, 511, 301, 280]","[314, 450, 386, 414, 388, 297, 339, 427, 317, 369]"
"[215, 227, 188, 196, 236, 310, 288, 207, 120, 194]","[63, 312, 121, 136, 183, 185, 250, -9, 154, 61]","[196, 337, 280, 312, 249, 177, 119, 443, 356]","[328, 346, 345, 130, 259, 174, 378, 284, 217, 263]","[117, 151, 133, 228, 173, 155, 193, 206, 257]","[250, 316, 243, 190, 218, 340, 253, 264, 333]","[154, 171, 271, 311, 295, 268, 256, 315, 183]","[237, 140, 245, 203, 175, 194, 196, 207, 283]","[200, 281, 445, 150, 219, 219, 298, 107, 323]","[181, 200, 68, 227, 259, 104, 226, 235, 167]","[143, 248, 231, 253, 140, 246, 285, 333, 472]","[334, 297, 221, 303, 195, 203, 219, 188, 119]","[466, 244, 376, 251, 302, 262, 199, 312, 175]","[127, 139, 334, 149, 243, 188, 180, 137, 170]","[114, 228, 178, 257, 152, 215, 122, 181, 17, 230]","[95, 311, 279, 160, 297, 203, 248, 123, 369]","[144, 210, 263, 73, 174, 166, 230, 213, 195]","[189, 169, 87, 300, 273, 113, 150, 222, 212, 162]","[169, 317, 133, 239, 205, 256, 224, 251, 263]","[198, 200, 228, 111, 202, 214, 191, 160, 119]","[155, 237, 178, 165, 210, 221, 357, 138, 217, 200]","[166, 277, 294, 214, 169, 82, 194, 87, 178]","[237, 197, 288, 195, 278, 148, 217, 271, 162]","[226, 298, 303, 197, 266, 293, 415, 212, 174]","[67, 216, 242, 139, 287, 168, 266, 343, 314]","[306, 200, 201, 200, 111, 176, 268, 141, 220, 173]","[156, 266, 125, 258, 359, 121, 197, 388, 308, 288]","[91, 235, 139, 160, 351, 296, 245, 202, 260, 70]","[203, 206, 300, 271, 251, 107, 260, 347, 293]","[200, 185, 293, 188, 183, 264, 196, 77, 209, 126]","[282, 207, 175, 127, 168, 341, 295, 350, 214, 215]","[217, 267, 218, 310, 359, 169, 258, 312, 249, 177]"
"[65, 126, 139, 133, 193, 44, 168, 164, 78, 70]","[108, 127, 29, 112, 85, 132, 106, 203, 123, 111]","[72, 52, 86, 139, 64, 120, 110, 53, 188]","[41, 28, 130, 135, 70, 46, 74, 62, 146, 125]","[172, 64, 38, 108, 234, 89, 58, 64, 108]","[118, 102, 115, 211, 159, 40, 84, 222, 200]","[97, 259, 201, 104, 159, 80, 99, 59, 109]","[92, 84, 95, 27, 110, 137, 74, 184, 116]","[233, 61, 30, 155, 53, 139, 54, 84, 98]","[104, 141, 26, 173, 89, 129, 149, 105, 42]","[122, 134, 185, 124, 57, 96, 102, 73, 168]","[92, 89, 71, 164, 54, 179, 135, 92, 68]","[70, 145, 350, 142, 222, 162, 45, 78, 117]","[154, 100, 44, 83, 99, 108, 44, 138, 43]","[96, 151, 222, 105, 142, 130, 127, 129, 41, 122]","[85, 82, 146, 121, 87, 115, 114, 28, 120]","[206, 198, 78, 93, 160, 150, 155, 113, 178]","[122, 67, 116, 171, 178, 162, 173, 73, 156, 133]","[73, 120, 41, 114, 46, 73, 78, 81, 77]","[41, 55, 105, 114, 87, 86, 70, 166, 205]","[110, 178, 186, 131, 125, 139, 146, 130, 298, 106]","[94, 122, 69, 97, 139, 115, 145, 153, 122]","[105, 74, 116, 105, 196, 85, 113, 106, 59]","[90, 101, 153, 204, 67, 96, 68, 62, 93]","[75, 66, 67, 72, 93, 46, 134, 54, 66]","[76, 88, 157, 53, 45, 83, 96, 77, 107, 167]","[92, 122, 105, 107, 29, 72, 76, 84, 124, 68]","[130, 211, 44, 127, 96, 106, 156, 140, 110, 184]","[188, 159, 141, 124, 170, 108, 65, 113, 144]","[61, 55, 69, 76, 96, 84, 39, 80, 125, 148]","[69, 134, 77, 70, 136, 89, 112, 161, 87, 65]","[97, 183, 168, 104, 29, 128, 81, 115, 68, 192]"
"[3, 0, 0, 1, 0, 4, 4, 1, 1, 1]","[3, 1, 1, 3, 0, 0, 2, 0, 2, 1]","[1, 1, 0, 0, 0, 1, 1, 1, 3]","[3, 4, 2, 2, 1, 1, 1, 1, 2, 0]","[1, 4, 0, 1, 2, 0, 2, 3, 1]","[1, 3, 1, 1, 0, 0, 1, 3, 0]","[1, 1, 2, 0, 1, 4, 2, 2, 0]","[0, 0, 1, 2, 3, 1, 1, 2, 2]","[0, 0, 1, 1, 1, 2, 1, 0, 1]","[3, 0, 0, 1, 1, 2, 1, 1, 1]","[0, 0, 1, 0, 4, 1, 1, 1, 2]","[0, 2, 2, 1, 0, 1, 1, 1, 2]","[2, 1, 0, 2, 3, 1, 1, 2, 1]","[3, 1, 0, 1, 3, 0, 0, 3, 0]","[2, 0, 0, 0, 3, 2, 0, 2, 3, 1]","[0, 0, 1, 0, 2, 3, 2, 2, 0]","[2, 4, 1, 3, 2, 2, 3, 0, 2]","[2, 2, 2, 2, 0, 3, 0, 2, 5, 0]","[0, 0, 2, 1, 1, 2, 0, 1, 1]","[2, 2, 0, 1, 1, 0, 2, 0, 0]","[2, 0, 2, 1, 3, 1, 1, 0, 2, 2]","[0, 2, 3, 0, 3, 3, 0, 1, 1]","[2, 1, 2, 0, 2, 1, 2, 3, 4]","[1, 3, 2, 2, 0, 1, 2, 5, 1]","[0, 1, 1, 1, 1, 1, 1, 0, 2]","[2, 2, 0, 3, 3, 1, 1, 1, 1, 2]","[3, 0, 5, 0, 2, 0, 1, 1, 2, 1]","[0, 1, 1, 3, 2, 3, 3, 1, 2, 0]","[1, 0, 0, 0, 1, 1, 3, 3, 0]","[1, 3, 3, 3, 1, 1, 3, 1, 0, 2]","[2, 1, 0, 3, 0, 2, 1, 1, 0, 2]","[4, 0, 1, 0, 2, 2, 2, 1, 2, 4]"
"[20, 24, 20, 27, 19, 17, 18, 24, 17, 21]","[18, 24, 26, 13, 22, 22, 14, 12, 15, 32]","[18, 19, 22, 12, 26, 24, 20, 21, 20]","[16, 24, 24, 20, 21, 18, 19, 16, 18, 16]","[19, 26, 17, 24, 18, 24, 12, 14, 15]","[17, 28, 16, 15, 26, 13, 23, 12, 24]","[24, 19, 12, 26, 17, 17, 12, 26, 27]","[22, 27, 15, 25, 19, 18, 24, 10, 21]","[30, 22, 29, 22, 20, 25, 17, 17, 23]","[15, 19, 23, 14, 21, 20, 17, 22, 19]","[14, 12, 20, 10, 25, 18, 15, 20, 16]","[13, 21, 19, 19, 28, 20, 17, 24, 21]","[30, 23, 16, 24, 15, 21, 26, 13, 16]","[13, 23, 27, 14, 23, 23, 16, 17, 21]","[21, 26, 26, 30, 27, 17, 18, 21, 17, 20]","[27, 25, 23, 17, 15, 15, 23, 29, 16]","[6, 9, 6, 16, 15, 20, 17, 7, 17]","[15, 19, 31, 17, 23, 12, 20, 20, 18, 12]","[18, 14, 27, 16, 19, 20, 25, 26, 14]","[22, 20, 19, 24, 19, 19, 20, 23, 17]","[18, 19, 19, 13, 17, 17, 18, 22, 6, 24]","[22, 26, 30, 26, 18, 22, 20, 18, 18]","[18, 19, 15, 17, 18, 18, 25, 17, 20]","[19, 18, 11, 18, 24, 14, 16, 19, 20]","[21, 26, 15, 23, 15, 24, 24, 21, 28]","[17, 22, 12, 22, 17, 19, 24, 24, 23, 14]","[13, 21, 20, 23, 18, 25, 16, 21, 18, 27]","[20, 17, 18, 16, 17, 13, 21, 17, 23, 20]","[15, 28, 10, 23, 8, 18, 24, 29, 12]","[22, 29, 17, 16, 18, 17, 23, 29, 15, 14]","[16, 14, 21, 21, 8, 19, 18, 19, 20, 23]","[13, 13, 15, 20, 29, 20, 21, 17, 23, 19]"
"[342, 389, 364, 467, 348, 233, 316, 511, 275, 340]","[265, 379, 441, 281, 524, 297, 273, 251, 334, 640]","[265, 353, 404, 225, 447, 430, 224, 332, 380]","[242, 430, 475, 232, 333, 275, 325, 270, 370, 280]","[314, 382, 358, 401, 308, 348, 194, 191, 274]","[316, 393, 183, 230, 342, 251, 503, 157, 421]","[382, 374, 174, 365, 249, 244, 244, 472, 406]","[311, 446, 252, 401, 279, 339, 346, 187, 324]","[536, 341, 475, 264, 342, 483, 295, 270, 533]","[351, 342, 341, 211, 429, 360, 342, 326, 340]","[171, 215, 400, 253, 421, 272, 280, 292, 172]","[180, 365, 309, 329, 454, 345, 300, 387, 391]","[433, 288, 363, 414, 268, 296, 355, 218, 267]","[221, 341, 425, 265, 377, 424, 229, 198, 295]","[248, 439, 416, 395, 380, 382, 318, 268, 326, 254]","[426, 418, 378, 248, 214, 249, 385, 515, 356]","[142, 255, 94, 296, 215, 456, 362, 58, 306]","[329, 437, 456, 311, 388, 220, 235, 352, 301, 213]","[369, 236, 472, 197, 380, 401, 427, 496, 209]","[391, 408, 362, 451, 335, 354, 377, 340, 399]","[268, 282, 327, 166, 289, 233, 337, 310, 151, 373]","[261, 388, 726, 471, 407, 389, 331, 274, 369]","[280, 399, 366, 287, 388, 354, 407, 261, 437]","[368, 271, 203, 336, 329, 197, 358, 240, 292]","[350, 415, 292, 400, 294, 384, 460, 317, 544]","[251, 389, 171, 377, 304, 348, 339, 390, 432, 264]","[210, 399, 386, 415, 451, 402, 356, 374, 327, 489]","[281, 224, 358, 300, 313, 193, 329, 375, 363, 352]","[239, 386, 150, 362, 197, 334, 452, 400, 221]","[260, 450, 333, 305, 285, 259, 323, 486, 277, 365]","[285, 239, 340, 353, 156, 297, 330, 371, 368, 388]","[289, 240, 230, 393, 474, 317, 364, 302, 397, 300]"
"[237, 337, 178, 303, 259, 148, 166, 350, 137, 173]","[143, 228, 300, 160, 302, 169, 197, 193, 209, 472]","[155, 227, 288, 111, 351, 341, 180, 251, 314]","[169, 171, 445, 149, 266, 113, 260, 196, 260, 215]","[217, 248, 201, 197, 169, 268, -9, 107, 126]","[226, 311, 139, 203, 243, 205, 357, 77, 323]","[306, 346, 133, 258, 195, 155, 199, 388, 333]","[189, 235, 175, 190, 183, 194, 284, 119, 119]","[466, 200, 345, 188, 246, 415, 222, 206, 333]","[282, 281, 263, 139, 236, 221, 202, 160, 263]","[63, 151, 178, 200, 251, 219, 188, 183, 61]","[95, 206, 242, 196, 295, 215, 214, 285, 207]","[200, 200, 294, 310, 183, 188, 256, 141, 174]","[91, 207, 279, 130, 218, 262, 119, 120, 162]","[156, 312, 231, 271, 287, 203, 203, 138, 213, 70]","[334, 316, 334, 136, 168, 122, 230, 217, 288]","[67, 200, 68, 165, 107, 288, 248, 17, 200]","[237, 317, 303, 214, 359, 174, 196, 298, 214, 170]","[328, 169, 271, 127, 340, 245, 312, 443, 167]","[203, 210, 293, 312, 210, 219, 271, 235, 283]","[196, 216, 188, 73, 202, 104, 253, 181, 123, 195]","[200, 266, 376, 300, 173, 293, 194, 212, 177]","[215, 298, 280, 160, 359, 310, 295, 191, 293]","[250, 197, 87, 228, 259, 82, 219, 87, 175]","[144, 237, 221, 227, 152, 297, 347, 249, 356]","[154, 244, 133, 253, 168, 264, 258, 312, 308, 194]","[114, 277, 218, 311, 273, 296, 250, 315, 220, 369]","[127, 140, 243, 195, 249, 121, 256, 226, 217, 230]","[198, 297, 121, 257, 140, 174, 378, 266, 162]","[166, 267, 228, 150, 175, 176, 150, 264, 154, 257]","[181, 139, 245, 239, 111, 177, 217, 207, 212, 263]","[117, 185, 125, 251, 278, 185, 268, 224, 343, 178]"
"[105, 52, 186, 164, 89, 85, 150, 161, 138, 167]","[122, 151, 141, 121, 222, 128, 76, 58, 125, 168]","[110, 126, 116, 114, 96, 89, 44, 81, 66]","[73, 259, 30, 83, 67, 162, 65, 74, 110, 65]","[97, 134, 157, 204, 139, 80, 203, 84, 148]","[90, 82, 44, 27, 99, 46, 146, 80, 98]","[76, 28, 41, 107, 54, 89, 45, 84, 73]","[122, 211, 77, 211, 96, 145, 62, 68, 205]","[70, 141, 130, 76, 96, 68, 73, 64, 200]","[69, 61, 78, 72, 193, 139, 140, 166, 77]","[108, 64, 222, 53, 170, 53, 92, 109, 111]","[85, 159, 67, 133, 159, 130, 86, 102, 184]","[233, 88, 69, 104, 85, 108, 99, 77, 93]","[130, 134, 146, 135, 159, 162, 110, 78, 133]","[92, 127, 185, 124, 93, 179, 115, 130, 113, 184]","[92, 102, 44, 112, 46, 127, 155, 298, 68]","[75, 55, 26, 131, 108, 168, 114, 41, 106]","[92, 120, 153, 97, 29, 46, 39, 54, 87, 43]","[41, 67, 201, 70, 40, 156, 115, 53, 42]","[188, 198, 69, 139, 125, 135, 106, 105, 116]","[72, 66, 139, 93, 87, 129, 84, 129, 28, 178]","[61, 122, 350, 171, 234, 96, 137, 62, 192]","[65, 101, 86, 127, 29, 44, 112, 70, 144]","[118, 74, 116, 108, 70, 115, 139, 153, 117]","[206, 178, 71, 173, 142, 87, 113, 68, 188]","[97, 145, 38, 124, 136, 84, 81, 78, 124, 70]","[96, 122, 168, 104, 178, 106, 106, 59, 107, 120]","[154, 84, 115, 105, 64, 72, 73, 149, 146, 122]","[41, 89, 29, 105, 57, 160, 74, 134, 59]","[94, 183, 105, 155, 110, 83, 173, 222, 123, 108]","[104, 100, 95, 114, 45, 120, 113, 164, 156, 125]","[172, 55, 105, 142, 196, 132, 96, 78, 54, 122]"
"[2, 1, 2, 1, 1, 1, 2, 1, 3, 2]","[0, 0, 0, 0, 3, 2, 1, 2, 0, 2]","[2, 0, 2, 1, 2, 2, 0, 1, 2]","[0, 1, 1, 1, 0, 3, 3, 1, 2, 2]","[4, 0, 0, 2, 3, 4, 0, 0, 2]","[1, 0, 1, 2, 3, 1, 1, 1, 1]","[2, 4, 2, 0, 0, 0, 1, 1, 1]","[2, 1, 0, 1, 1, 0, 1, 2, 0]","[2, 0, 2, 3, 1, 2, 2, 3, 0]","[2, 0, 1, 1, 0, 1, 1, 0, 1]","[3, 4, 0, 3, 1, 1, 1, 0, 1]","[0, 0, 1, 1, 1, 2, 0, 1, 2]","[0, 2, 3, 0, 0, 0, 2, 1, 1]","[0, 1, 1, 2, 0, 1, 1, 1, 0]","[3, 1, 1, 0, 1, 1, 3, 0, 0, 0]","[0, 3, 0, 3, 1, 0, 3, 2, 1]","[0, 2, 0, 1, 1, 4, 2, 3, 2]","[0, 0, 2, 0, 2, 1, 3, 1, 0, 0]","[3, 2, 2, 3, 0, 3, 1, 1, 1]","[1, 4, 3, 0, 3, 1, 3, 1, 2]","[1, 1, 0, 3, 1, 2, 1, 2, 2, 2]","[1, 0, 0, 2, 2, 1, 1, 5, 4]","[3, 3, 0, 3, 2, 4, 1, 2, 0]","[1, 1, 2, 1, 1, 3, 2, 1, 1]","[2, 0, 2, 1, 3, 2, 3, 2, 3]","[1, 1, 0, 0, 0, 1, 2, 2, 2, 1]","[2, 2, 1, 0, 0, 3, 2, 2, 1, 0]","[3, 0, 1, 0, 0, 0, 2, 1, 2, 1]","[2, 2, 1, 0, 4, 2, 1, 1, 4]","[0, 0, 0, 1, 3, 1, 0, 3, 2, 1]","[3, 1, 1, 1, 3, 1, 2, 1, 5, 0]","[1, 3, 5, 2, 2, 0, 1, 0, 0, 1]"
